{"Keys":["com.unity.services.core.cloud-environment","com.unity.services.qos.version","com.unity.services.qos.initializer-assembly-qualified-names","com.unity.services.wire.version","com.unity.services.wire.initializer-assembly-qualified-names","com.unity.services.vivox.version","com.unity.services.vivox.initializer-assembly-qualified-names","com.unity.services.lobby.version","com.unity.services.lobby.initializer-assembly-qualified-names","com.unity.services.core.version","com.unity.services.core.initializer-assembly-qualified-names","com.unity.services.authentication.version","com.unity.services.authentication.initializer-assembly-qualified-names","com.unity.services.relay.version","com.unity.services.relay.initializer-assembly-qualified-names","com.unity.services.core.all-package-names","com.unity.services.vivox.server","com.unity.services.vivox.domain","com.unity.services.vivox.issuer","com.unity.services.vivox.is-environment-custom","com.unity.services.vivox.is-test-mode"],"Values":[{"m_Value":"production","m_IsReadOnly":false},{"m_Value":"1.2.0","m_IsReadOnly":true},{"m_Value":"Unity.Services.Qos.QosPackageInitializer, Unity.Services.QoS, Version=0.0.0.0, Culture=neutral, PublicKeyToken=null","m_IsReadOnly":true},{"m_Value":"1.1.8","m_IsReadOnly":true},{"m_Value":"Unity.Services.Wire.Internal.WireServiceProvider, Unity.Services.Wire.Internal, Version=0.0.0.0, Culture=neutral, PublicKeyToken=null","m_IsReadOnly":true},{"m_Value":"16.0.1","m_IsReadOnly":true},{"m_Value":"Unity.Services.Vivox.VivoxPackageInitializer, Unity.Services.Vivox, Version=0.0.0.0, Culture=neutral, PublicKeyToken=null","m_IsReadOnly":true},{"m_Value":"1.1.2","m_IsReadOnly":true},{"m_Value":"Unity.Services.Lobbies.LobbyServiceProvider, Unity.Services.Lobbies, Version=0.0.0.0, Culture=neutral, PublicKeyToken=null","m_IsReadOnly":true},{"m_Value":"1.8.2","m_IsReadOnly":true},{"m_Value":"Unity.Services.Core.Registration.CorePackageInitializer, Unity.Services.Core.Registration, Version=0.0.0.0, Culture=neutral, PublicKeyToken=null","m_IsReadOnly":true},{"m_Value":"2.4.0","m_IsReadOnly":true},{"m_Value":"Unity.Services.Authentication.AuthenticationPackageInitializer, Unity.Services.Authentication, Version=0.0.0.0, Culture=neutral, PublicKeyToken=null","m_IsReadOnly":true},{"m_Value":"1.0.5","m_IsReadOnly":true},{"m_Value":"Unity.Services.Relay.RelayServiceProvider, Unity.Services.Relay, Version=0.0.0.0, Culture=neutral, PublicKeyToken=null","m_IsReadOnly":true},{"m_Value":"com.unity.services.qos;com.unity.services.wire;com.unity.services.vivox;com.unity.services.lobby;com.unity.services.core;com.unity.services.authentication;com.unity.services.relay","m_IsReadOnly":false},{"m_Value":"https://unity.vivox.com/appconfig/57731-game--54385-udash","m_IsReadOnly":false},{"m_Value":"mtu1xp.vivox.com","m_IsReadOnly":false},{"m_Value":"57731-game--54385-udash","m_IsReadOnly":false},{"m_Value":"False","m_IsReadOnly":false},{"m_Value":"False","m_IsReadOnly":false}]}